INSERT INTO sucursal (id, nombre, direccion, cif) VALUES (1, 'SUPERMERCADOS EL AHORRO', '', 'B12345678');
INSERT INTO empleado (id, codigo_empleado, nombre) VALUES (1, '015', 'Juan Pérez');
INSERT INTO empleado (id, codigo_empleado, nombre) VALUES (2, '033', 'Laura García');
INSERT INTO empleado (id, codigo_empleado, nombre) VALUES (3, '011', 'Carlos Ruiz');
INSERT INTO empleado (id, codigo_empleado, nombre) VALUES (4, '028', 'Ana Fernández');
INSERT INTO empleado (id, codigo_empleado, nombre) VALUES (5, '019', 'Sofía Martínez');
INSERT INTO empleado (id, codigo_empleado, nombre) VALUES (6, '042', 'Diego Gómez');
INSERT INTO empleado (id, codigo_empleado, nombre) VALUES (7, '024', 'Marta López');
INSERT INTO producto (id, nombre) VALUES (1, 'Pasta Spaghetti 500g');
INSERT INTO producto (id, nombre) VALUES (2, 'Café Molido 250g');
INSERT INTO producto (id, nombre) VALUES (3, 'Arroz Redondo 1kg');
INSERT INTO producto (id, nombre) VALUES (4, 'Aceite de Oliva 1L');
INSERT INTO producto (id, nombre) VALUES (5, 'Sal Fina 1kg');
INSERT INTO producto (id, nombre) VALUES (6, 'Manzana Golden (kg)');
INSERT INTO producto (id, nombre) VALUES (7, 'Pechuga de Pollo (kg)');
INSERT INTO producto (id, nombre) VALUES (8, 'Cebolla (kg)');
INSERT INTO producto (id, nombre) VALUES (9, 'Huevos Camperos 12u');
INSERT INTO producto (id, nombre) VALUES (10, 'Pimiento Rojo (kg)');
INSERT INTO producto (id, nombre) VALUES (11, 'Queso Manchego 250g');
INSERT INTO producto (id, nombre) VALUES (12, 'Leche Entera 1L');
INSERT INTO producto (id, nombre) VALUES (13, 'Tomate Triturado 400g');
INSERT INTO producto (id, nombre) VALUES (14, 'Galletas María 200g');
INSERT INTO producto (id, nombre) VALUES (15, 'Banana (kg)');
INSERT INTO producto (id, nombre) VALUES (16, 'Azúcar 1kg');
INSERT INTO producto (id, nombre) VALUES (17, 'Pan Baguette 250g');
INSERT INTO producto (id, nombre) VALUES (18, 'Mantequilla 250g');
INSERT INTO producto (id, nombre) VALUES (19, 'Yogur Natural 125g');
INSERT INTO producto (id, nombre) VALUES (20, 'Refresco Cola 2L');
INSERT INTO ticket (id, numero_ticket, fecha_hora, total, id_sucursal, id_empleado) VALUES (1, '20010001', '2025-09-11 17:01:00', 30.76, 1, 1);
INSERT INTO ticket_linea (id, id_ticket, id_producto, cantidad, precio_unitario, subtotal) VALUES (1, 1, 1, 2.0, 0.85, 1.70);
INSERT INTO ticket_linea (id, id_ticket, id_producto, cantidad, precio_unitario, subtotal) VALUES (2, 1, 2, 1.0, 3.80, 3.80);
INSERT INTO ticket_linea (id, id_ticket, id_producto, cantidad, precio_unitario, subtotal) VALUES (3, 1, 3, 2.0, 1.15, 2.30);
INSERT INTO ticket_linea (id, id_ticket, id_producto, cantidad, precio_unitario, subtotal) VALUES (4, 1, 4, 2.0, 6.50, 13.00);
INSERT INTO ticket_linea (id, id_ticket, id_producto, cantidad, precio_unitario, subtotal) VALUES (5, 1, 5, 3.0, 0.50, 1.50);
INSERT INTO ticket_linea (id, id_ticket, id_producto, cantidad, precio_unitario, subtotal) VALUES (6, 1, 6, 2.5, 1.25, 3.12);
INSERT INTO pago (id, id_ticket, metodo_pago, monto, autorizacion) VALUES (1, 1, 'TARJETA', 30.76, '741486');

INSERT INTO ticket (id, numero_ticket, fecha_hora, total, id_sucursal, id_empleado) VALUES (2, '20010002', '2025-09-12 18:26:00', 34.00, 1, 2);
INSERT INTO ticket_linea (id, id_ticket, id_producto, cantidad, precio_unitario, subtotal) VALUES (7, 2, 6, 0.5, 1.24, 0.62);
INSERT INTO ticket_linea (id, id_ticket, id_producto, cantidad, precio_unitario, subtotal) VALUES (8, 2, 7, 1.0, 6.20, 6.20);
INSERT INTO ticket_linea (id, id_ticket, id_producto, cantidad, precio_unitario, subtotal) VALUES (9, 2, 5, 2.0, 0.50, 1.00);
INSERT INTO ticket_linea (id, id_ticket, id_producto, cantidad, precio_unitario, subtotal) VALUES (10, 2, 8, 1.25, 1.10, 1.38);
INSERT INTO ticket_linea (id, id_ticket, id_producto, cantidad, precio_unitario, subtotal) VALUES (11, 2, 9, 1.0, 3.10, 3.10);
INSERT INTO ticket_linea (id, id_ticket, id_producto, cantidad, precio_unitario, subtotal) VALUES (12, 2, 10, 1.5, 2.40, 3.60);
INSERT INTO ticket_linea (id, id_ticket, id_producto, cantidad, precio_unitario, subtotal) VALUES (13, 2, 11, 2.0, 4.20, 8.40);
INSERT INTO ticket_linea (id, id_ticket, id_producto, cantidad, precio_unitario, subtotal) VALUES (14, 2, 2, 1.0, 3.80, 3.80);
INSERT INTO pago (id, id_ticket, metodo_pago, monto, autorizacion) VALUES (2, 2, 'EFECTIVO', 34.00, NULL);

INSERT INTO ticket (id, numero_ticket, fecha_hora, total, id_sucursal, id_empleado) VALUES (3, '20010003', '2025-09-13 10:15:00', 26.98, 1, 3);
INSERT INTO ticket_linea (id, id_ticket, id_producto, cantidad, precio_unitario, subtotal) VALUES (15, 3, 8, 2.0, 1.10, 2.20);
INSERT INTO ticket_linea (id, id_ticket, id_producto, cantidad, precio_unitario, subtotal) VALUES (16, 3, 9, 1.0, 3.10, 3.10);
INSERT INTO ticket_linea (id, id_ticket, id_producto, cantidad, precio_unitario, subtotal) VALUES (17, 3, 1, 3.0, 0.85, 2.55);
INSERT INTO ticket_linea (id, id_ticket, id_producto, cantidad, precio_unitario, subtotal) VALUES (18, 3, 11, 2.0, 4.20, 8.40);
INSERT INTO ticket_linea (id, id_ticket, id_producto, cantidad, precio_unitario, subtotal) VALUES (19, 3, 5, 1.0, 0.50, 0.50);
INSERT INTO ticket_linea (id, id_ticket, id_producto, cantidad, precio_unitario, subtotal) VALUES (20, 3, 12, 3.0, 0.95, 2.85);
INSERT INTO ticket_linea (id, id_ticket, id_producto, cantidad, precio_unitario, subtotal) VALUES (21, 3, 13, 3.0, 0.90, 2.70);
INSERT INTO pago (id, id_ticket, metodo_pago, monto, autorizacion) VALUES (3, 3, 'EFECTIVO', 26.98, NULL);

INSERT INTO ticket (id, numero_ticket, fecha_hora, total, id_sucursal, id_empleado) VALUES (4, '20010004', '2025-09-14 10:29:00', 21.90, 1, 4);
INSERT INTO ticket_linea (id, id_ticket, id_producto, cantidad, precio_unitario, subtotal) VALUES (22, 4, 14, 2.0, 0.80, 1.60);
INSERT INTO ticket_linea (id, id_ticket, id_producto, cantidad, precio_unitario, subtotal) VALUES (23, 4, 3, 3.0, 1.15, 3.45);
INSERT INTO ticket_linea (id, id_ticket, id_producto, cantidad, precio_unitario, subtotal) VALUES (24, 4, 15, 1.0, 1.75, 1.75);
INSERT INTO ticket_linea (id, id_ticket, id_producto, cantidad, precio_unitario, subtotal) VALUES (25, 4, 9, 1.0, 3.10, 3.10);
INSERT INTO ticket_linea (id, id_ticket, id_producto, cantidad, precio_unitario, subtotal) VALUES (26, 4, 4, 1.0, 6.50, 6.50);
INSERT INTO ticket_linea (id, id_ticket, id_producto, cantidad, precio_unitario, subtotal) VALUES (27, 4, 1, 2.0, 0.85, 1.70);
INSERT INTO pago (id, id_ticket, metodo_pago, monto, autorizacion) VALUES (4, 4, 'TARJETA', 21.90, '257572');

INSERT INTO ticket (id, numero_ticket, fecha_hora, total, id_sucursal, id_empleado) VALUES (5, '20010005', '2025-09-15 13:37:00', 39.63, 1, 5);
INSERT INTO ticket_linea (id, id_ticket, id_producto, cantidad, precio_unitario, subtotal) VALUES (28, 5, 13, 2.0, 0.90, 1.80);
INSERT INTO ticket_linea (id, id_ticket, id_producto, cantidad, precio_unitario, subtotal) VALUES (29, 5, 9, 1.0, 3.10, 3.10);
INSERT INTO ticket_linea (id, id_ticket, id_producto, cantidad, precio_unitario, subtotal) VALUES (30, 5, 16, 1.0, 1.10, 1.10);
INSERT INTO ticket_linea (id, id_ticket, id_producto, cantidad, precio_unitario, subtotal) VALUES (31, 5, 10, 2.5, 2.40, 6.00);
INSERT INTO ticket_linea (id, id_ticket, id_producto, cantidad, precio_unitario, subtotal) VALUES (32, 5, 17, 2.0, 0.70, 1.40);
INSERT INTO ticket_linea (id, id_ticket, id_producto, cantidad, precio_unitario, subtotal) VALUES (33, 5, 14, 1.0, 0.80, 0.80);
INSERT INTO ticket_linea (id, id_ticket, id_producto, cantidad, precio_unitario, subtotal) VALUES (34, 5, 18, 3.0, 1.60, 4.80);
INSERT INTO ticket_linea (id, id_ticket, id_producto, cantidad, precio_unitario, subtotal) VALUES (35, 5, 2, 3.0, 3.80, 11.40);
INSERT INTO ticket_linea (id, id_ticket, id_producto, cantidad, precio_unitario, subtotal) VALUES (36, 5, 19, 1.0, 0.45, 0.45);
INSERT INTO ticket_linea (id, id_ticket, id_producto, cantidad, precio_unitario, subtotal) VALUES (37, 5, 12, 2.0, 0.95, 1.90);
INSERT INTO pago (id, id_ticket, metodo_pago, monto, autorizacion) VALUES (5, 5, 'TARJETA', 39.63, '114488');

INSERT INTO ticket (id, numero_ticket, fecha_hora, total, id_sucursal, id_empleado) VALUES (6, '20010006', '2025-09-16 17:35:00', 41.44, 1, 6);
INSERT INTO ticket_linea (id, id_ticket, id_producto, cantidad, precio_unitario, subtotal) VALUES (38, 6, 5, 2.0, 0.50, 1.00);
INSERT INTO ticket_linea (id, id_ticket, id_producto, cantidad, precio_unitario, subtotal) VALUES (39, 6, 15, 1.0, 1.75, 1.75);
INSERT INTO ticket_linea (id, id_ticket, id_producto, cantidad, precio_unitario, subtotal) VALUES (40, 6, 3, 1.0, 1.15, 1.15);
INSERT INTO ticket_linea (id, id_ticket, id_producto, cantidad, precio_unitario, subtotal) VALUES (41, 6, 2, 1.0, 3.80, 3.80);
INSERT INTO ticket_linea (id, id_ticket, id_producto, cantidad, precio_unitario, subtotal) VALUES (42, 6, 11, 1.0, 4.20, 4.20);
INSERT INTO ticket_linea (id, id_ticket, id_producto, cantidad, precio_unitario, subtotal) VALUES (43, 6, 4, 2.0, 6.50, 13.00);
INSERT INTO ticket_linea (id, id_ticket, id_producto, cantidad, precio_unitario, subtotal) VALUES (44, 6, 6, 1.0, 1.25, 1.25);
INSERT INTO ticket_linea (id, id_ticket, id_producto, cantidad, precio_unitario, subtotal) VALUES (45, 6, 12, 3.0, 0.95, 2.85);
INSERT INTO ticket_linea (id, id_ticket, id_producto, cantidad, precio_unitario, subtotal) VALUES (46, 6, 19, 1.0, 0.45, 0.45);
INSERT INTO ticket_linea (id, id_ticket, id_producto, cantidad, precio_unitario, subtotal) VALUES (47, 6, 10, 2.0, 2.40, 4.80);
INSERT INTO pago (id, id_ticket, metodo_pago, monto, autorizacion) VALUES (6, 6, 'TARJETA', 41.44, '253659');

INSERT INTO ticket (id, numero_ticket, fecha_hora, total, id_sucursal, id_empleado) VALUES (7, '20010007', '2025-09-17 10:57:00', 35.21, 1, 7);
INSERT INTO ticket_linea (id, id_ticket, id_producto, cantidad, precio_unitario, subtotal) VALUES (48, 7, 9, 2.0, 3.10, 6.20);
INSERT INTO ticket_linea (id, id_ticket, id_producto, cantidad, precio_unitario, subtotal) VALUES (49, 7, 11, 1.0, 4.20, 4.20);
INSERT INTO ticket_linea (id, id_ticket, id_producto, cantidad, precio_unitario, subtotal) VALUES (50, 7, 4, 1.0, 6.50, 6.50);
INSERT INTO ticket_linea (id, id_ticket, id_producto, cantidad, precio_unitario, subtotal) VALUES (51, 7, 7, 1.0, 6.20, 6.20);
INSERT INTO ticket_linea (id, id_ticket, id_producto, cantidad, precio_unitario, subtotal) VALUES (52, 7, 16, 1.0, 1.10, 1.10);
INSERT INTO ticket_linea (id, id_ticket, id_producto, cantidad, precio_unitario, subtotal) VALUES (53, 7, 12, 2.0, 0.95, 1.90);
INSERT INTO ticket_linea (id, id_ticket, id_producto, cantidad, precio_unitario, subtotal) VALUES (54, 7, 14, 2.0, 0.80, 1.60);
INSERT INTO ticket_linea (id, id_ticket, id_producto, cantidad, precio_unitario, subtotal) VALUES (55, 7, 5, 1.0, 0.50, 0.50);
INSERT INTO ticket_linea (id, id_ticket, id_producto, cantidad, precio_unitario, subtotal) VALUES (56, 7, 19, 2.0, 0.45, 0.90);
INSERT INTO pago (id, id_ticket, metodo_pago, monto, autorizacion) VALUES (7, 7, 'TARJETA', 35.21, '286629');

INSERT INTO ticket (id, numero_ticket, fecha_hora, total, id_sucursal, id_empleado) VALUES (8, '20010008', '2025-09-18 19:12:00', 46.16, 1, 1);
INSERT INTO ticket_linea (id, id_ticket, id_producto, cantidad, precio_unitario, subtotal) VALUES (57, 8, 5, 2.0, 0.50, 1.00);
INSERT INTO ticket_linea (id, id_ticket, id_producto, cantidad, precio_unitario, subtotal) VALUES (58, 8, 7, 2.5, 6.20, 15.50);
INSERT INTO ticket_linea (id, id_ticket, id_producto, cantidad, precio_unitario, subtotal) VALUES (59, 8, 10, 1.0, 2.40, 2.40);
INSERT INTO ticket_linea (id, id_ticket, id_producto, cantidad, precio_unitario, subtotal) VALUES (60, 8, 13, 3.0, 0.90, 2.70);
INSERT INTO ticket_linea (id, id_ticket, id_producto, cantidad, precio_unitario, subtotal) VALUES (61, 8, 11, 3.0, 4.20, 12.60);
INSERT INTO ticket_linea (id, id_ticket, id_producto, cantidad, precio_unitario, subtotal) VALUES (62, 8, 12, 3.0, 0.95, 2.85);
INSERT INTO ticket_linea (id, id_ticket, id_producto, cantidad, precio_unitario, subtotal) VALUES (63, 8, 8, 1.0, 1.10, 1.10);
INSERT INTO pago (id, id_ticket, metodo_pago, monto, autorizacion) VALUES (8, 8, 'TARJETA', 46.16, '656754');

INSERT INTO ticket (id, numero_ticket, fecha_hora, total, id_sucursal, id_empleado) VALUES (9, '20010009', '2025-09-19 13:36:00', 37.81, 1, 2);
INSERT INTO ticket_linea (id, id_ticket, id_producto, cantidad, precio_unitario, subtotal) VALUES (64, 9, 1, 3.0, 0.85, 2.55);
INSERT INTO ticket_linea (id, id_ticket, id_producto, cantidad, precio_unitario, subtotal) VALUES (65, 9, 20, 3.0, 1.30, 3.90);
INSERT INTO ticket_linea (id, id_ticket, id_producto, cantidad, precio_unitario, subtotal) VALUES (66, 9, 15, 2.0, 1.75, 3.50);
INSERT INTO ticket_linea (id, id_ticket, id_producto, cantidad, precio_unitario, subtotal) VALUES (67, 9, 7, 0.5, 6.20, 3.10);
INSERT INTO ticket_linea (id, id_ticket, id_producto, cantidad, precio_unitario, subtotal) VALUES (68, 9, 12, 3.0, 0.95, 2.85);
INSERT INTO ticket_linea (id, id_ticket, id_producto, cantidad, precio_unitario, subtotal) VALUES (69, 9, 8, 0.5, 1.10, 0.55);
INSERT INTO ticket_linea (id, id_ticket, id_producto, cantidad, precio_unitario, subtotal) VALUES (70, 9, 16, 1.0, 1.10, 1.10);
INSERT INTO ticket_linea (id, id_ticket, id_producto, cantidad, precio_unitario, subtotal) VALUES (71, 9, 3, 2.0, 1.15, 2.30);
INSERT INTO ticket_linea (id, id_ticket, id_producto, cantidad, precio_unitario, subtotal) VALUES (72, 9, 17, 3.0, 0.70, 2.10);
INSERT INTO ticket_linea (id, id_ticket, id_producto, cantidad, precio_unitario, subtotal) VALUES (73, 9, 9, 3.0, 3.10, 9.30);
INSERT INTO pago (id, id_ticket, metodo_pago, monto, autorizacion) VALUES (9, 9, 'TARJETA', 37.81, '388285');

INSERT INTO ticket (id, numero_ticket, fecha_hora, total, id_sucursal, id_empleado) VALUES (10, '20010010', '2025-09-20 17:58:00', 26.80, 1, 3);
INSERT INTO ticket_linea (id, id_ticket, id_producto, cantidad, precio_unitario, subtotal) VALUES (74, 10, 16, 1.0, 1.10, 1.10);
INSERT INTO ticket_linea (id, id_ticket, id_producto, cantidad, precio_unitario, subtotal) VALUES (75, 10, 1, 2.0, 0.85, 1.70);
INSERT INTO ticket_linea (id, id_ticket, id_producto, cantidad, precio_unitario, subtotal) VALUES (76, 10, 18, 2.0, 1.60, 3.20);
INSERT INTO ticket_linea (id, id_ticket, id_producto, cantidad, precio_unitario, subtotal) VALUES (77, 10, 4, 1.0, 6.50, 6.50);
INSERT INTO ticket_linea (id, id_ticket, id_producto, cantidad, precio_unitario, subtotal) VALUES (78, 10, 8, 1.0, 1.10, 1.10);
INSERT INTO ticket_linea (id, id_ticket, id_producto, cantidad, precio_unitario, subtotal) VALUES (79, 10, 2, 2.0, 3.80, 7.60);
INSERT INTO ticket_linea (id, id_ticket, id_producto, cantidad, precio_unitario, subtotal) VALUES (80, 10, 19, 1.0, 0.45, 0.45);
INSERT INTO ticket_linea (id, id_ticket, id_producto, cantidad, precio_unitario, subtotal) VALUES (81, 10, 5, 1.0, 0.50, 0.50);
INSERT INTO pago (id, id_ticket, metodo_pago, monto, autorizacion) VALUES (10, 10, 'TARJETA', 26.80, '132091');

INSERT INTO ticket (id, numero_ticket, fecha_hora, total, id_sucursal, id_empleado) VALUES (11, '20010011', '2025-09-21 11:53:00', 48.40, 1, 4);
INSERT INTO ticket_linea (id, id_ticket, id_producto, cantidad, precio_unitario, subtotal) VALUES (82, 11, 16, 3.0, 1.10, 3.30);
INSERT INTO ticket_linea (id, id_ticket, id_producto, cantidad, precio_unitario, subtotal) VALUES (83, 11, 14, 2.0, 0.80, 1.60);
INSERT INTO ticket_linea (id, id_ticket, id_producto, cantidad, precio_unitario, subtotal) VALUES (84, 11, 9, 2.0, 3.10, 6.20);
INSERT INTO ticket_linea (id, id_ticket, id_producto, cantidad, precio_unitario, subtotal) VALUES (85, 11, 4, 1.0, 6.50, 6.50);
INSERT INTO ticket_linea (id, id_ticket, id_producto, cantidad, precio_unitario, subtotal) VALUES (86, 11, 2, 3.0, 3.80, 11.40);
INSERT INTO ticket_linea (id, id_ticket, id_producto, cantidad, precio_unitario, subtotal) VALUES (87, 11, 11, 2.0, 4.20, 8.40);
INSERT INTO ticket_linea (id, id_ticket, id_producto, cantidad, precio_unitario, subtotal) VALUES (88, 11, 20, 2.0, 1.30, 2.60);
INSERT INTO pago (id, id_ticket, metodo_pago, monto, autorizacion) VALUES (11, 11, 'TARJETA', 48.40, '539623');

INSERT INTO ticket (id, numero_ticket, fecha_hora, total, id_sucursal, id_empleado) VALUES (12, '20010012', '2025-09-22 13:25:00', 17.18, 1, 5);
INSERT INTO ticket_linea (id, id_ticket, id_producto, cantidad, precio_unitario, subtotal) VALUES (89, 12, 20, 1.0, 1.30, 1.30);
INSERT INTO ticket_linea (id, id_ticket, id_producto, cantidad, precio_unitario, subtotal) VALUES (90, 12, 1, 1.0, 0.85, 0.85);
INSERT INTO ticket_linea (id, id_ticket, id_producto, cantidad, precio_unitario, subtotal) VALUES (91, 12, 19, 1.0, 0.45, 0.45);
INSERT INTO ticket_linea (id, id_ticket, id_producto, cantidad, precio_unitario, subtotal) VALUES (92, 12, 13, 3.0, 0.90, 2.70);
INSERT INTO ticket_linea (id, id_ticket, id_producto, cantidad, precio_unitario, subtotal) VALUES (93, 12, 5, 1.0, 0.50, 0.50);
INSERT INTO ticket_linea (id, id_ticket, id_producto, cantidad, precio_unitario, subtotal) VALUES (94, 12, 11, 2.0, 4.20, 8.40);
INSERT INTO pago (id, id_ticket, metodo_pago, monto, autorizacion) VALUES (12, 12, 'EFECTIVO', 17.18, NULL);

INSERT INTO ticket (id, numero_ticket, fecha_hora, total, id_sucursal, id_empleado) VALUES (13, '20010013', '2025-09-23 16:10:00', 33.94, 1, 6);
INSERT INTO ticket_linea (id, id_ticket, id_producto, cantidad, precio_unitario, subtotal) VALUES (95, 13, 19, 3.0, 0.45, 1.35);
INSERT INTO ticket_linea (id, id_ticket, id_producto, cantidad, precio_unitario, subtotal) VALUES (96, 13, 11, 3.0, 4.20, 12.60);
INSERT INTO ticket_linea (id, id_ticket, id_producto, cantidad, precio_unitario, subtotal) VALUES (97, 13, 14, 2.0, 0.80, 1.60);
INSERT INTO ticket_linea (id, id_ticket, id_producto, cantidad, precio_unitario, subtotal) VALUES (98, 13, 20, 1.0, 1.30, 1.30);
INSERT INTO ticket_linea (id, id_ticket, id_producto, cantidad, precio_unitario, subtotal) VALUES (99, 13, 3, 3.0, 1.15, 3.45);
INSERT INTO ticket_linea (id, id_ticket, id_producto, cantidad, precio_unitario, subtotal) VALUES (100, 13, 7, 1.25, 6.20, 7.75);
INSERT INTO pago (id, id_ticket, metodo_pago, monto, autorizacion) VALUES (13, 13, 'TARJETA', 33.94, '997874');

INSERT INTO ticket (id, numero_ticket, fecha_hora, total, id_sucursal, id_empleado) VALUES (14, '20010014', '2025-09-24 11:21:00', 33.59, 1, 7);
INSERT INTO ticket_linea (id, id_ticket, id_producto, cantidad, precio_unitario, subtotal) VALUES (101, 14, 3, 2.0, 1.15, 2.30);
INSERT INTO ticket_linea (id, id_ticket, id_producto, cantidad, precio_unitario, subtotal) VALUES (102, 14, 15, 2.0, 1.75, 3.50);
INSERT INTO ticket_linea (id, id_ticket, id_producto, cantidad, precio_unitario, subtotal) VALUES (103, 14, 7, 1.0, 6.20, 6.20);
INSERT INTO ticket_linea (id, id_ticket, id_producto, cantidad, precio_unitario, subtotal) VALUES (104, 14, 5, 2.0, 0.50, 1.00);
INSERT INTO ticket_linea (id, id_ticket, id_producto, cantidad, precio_unitario, subtotal) VALUES (105, 14, 17, 2.0, 0.70, 1.40);
INSERT INTO ticket_linea (id, id_ticket, id_producto, cantidad, precio_unitario, subtotal) VALUES (106, 14, 16, 2.0, 1.10, 2.20);
INSERT INTO ticket_linea (id, id_ticket, id_producto, cantidad, precio_unitario, subtotal) VALUES (107, 14, 4, 1.0, 6.50, 6.50);
INSERT INTO ticket_linea (id, id_ticket, id_producto, cantidad, precio_unitario, subtotal) VALUES (108, 14, 6, 1.25, 1.25, 1.56);
INSERT INTO ticket_linea (id, id_ticket, id_producto, cantidad, precio_unitario, subtotal) VALUES (109, 14, 1, 3.0, 0.85, 2.55);
INSERT INTO ticket_linea (id, id_ticket, id_producto, cantidad, precio_unitario, subtotal) VALUES (110, 14, 8, 0.5, 1.10, 0.55);
INSERT INTO pago (id, id_ticket, metodo_pago, monto, autorizacion) VALUES (14, 14, 'EFECTIVO', 33.59, NULL);

INSERT INTO ticket (id, numero_ticket, fecha_hora, total, id_sucursal, id_empleado) VALUES (15, '20010015', '2025-09-25 15:58:00', 23.29, 1, 1);
INSERT INTO ticket_linea (id, id_ticket, id_producto, cantidad, precio_unitario, subtotal) VALUES (111, 15, 10, 1.0, 2.40, 2.40);
INSERT INTO ticket_linea (id, id_ticket, id_producto, cantidad, precio_unitario, subtotal) VALUES (112, 15, 17, 2.0, 0.70, 1.40);
INSERT INTO ticket_linea (id, id_ticket, id_producto, cantidad, precio_unitario, subtotal) VALUES (113, 15, 13, 3.0, 0.90, 2.70);
INSERT INTO ticket_linea (id, id_ticket, id_producto, cantidad, precio_unitario, subtotal) VALUES (114, 15, 14, 3.0, 0.80, 2.40);
INSERT INTO ticket_linea (id, id_ticket, id_producto, cantidad, precio_unitario, subtotal) VALUES (115, 15, 18, 1.0, 1.60, 1.60);
INSERT INTO ticket_linea (id, id_ticket, id_producto, cantidad, precio_unitario, subtotal) VALUES (116, 15, 8, 2.0, 1.10, 2.20);
INSERT INTO ticket_linea (id, id_ticket, id_producto, cantidad, precio_unitario, subtotal) VALUES (117, 15, 9, 1.0, 3.10, 3.10);
INSERT INTO ticket_linea (id, id_ticket, id_producto, cantidad, precio_unitario, subtotal) VALUES (118, 15, 5, 2.0, 0.50, 1.00);
INSERT INTO ticket_linea (id, id_ticket, id_producto, cantidad, precio_unitario, subtotal) VALUES (119, 15, 3, 1.0, 1.15, 1.15);
INSERT INTO ticket_linea (id, id_ticket, id_producto, cantidad, precio_unitario, subtotal) VALUES (120, 15, 20, 1.0, 1.30, 1.30);
INSERT INTO pago (id, id_ticket, metodo_pago, monto, autorizacion) VALUES (15, 15, 'TARJETA', 23.29, '134875');

INSERT INTO ticket (id, numero_ticket, fecha_hora, total, id_sucursal, id_empleado) VALUES (16, '20010016', '2025-09-26 10:34:00', 28.13, 1, 2);
INSERT INTO ticket_linea (id, id_ticket, id_producto, cantidad, precio_unitario, subtotal) VALUES (121, 16, 7, 1.0, 6.20, 6.20);
INSERT INTO ticket_linea (id, id_ticket, id_producto, cantidad, precio_unitario, subtotal) VALUES (122, 16, 11, 1.0, 4.20, 4.20);
INSERT INTO ticket_linea (id, id_ticket, id_producto, cantidad, precio_unitario, subtotal) VALUES (123, 16, 18, 2.0, 1.60, 3.20);
INSERT INTO ticket_linea (id, id_ticket, id_producto, cantidad, precio_unitario, subtotal) VALUES (124, 16, 14, 3.0, 0.80, 2.40);
INSERT INTO ticket_linea (id, id_ticket, id_producto, cantidad, precio_unitario, subtotal) VALUES (125, 16, 10, 1.0, 2.40, 2.40);
INSERT INTO ticket_linea (id, id_ticket, id_producto, cantidad, precio_unitario, subtotal) VALUES (126, 16, 17, 2.0, 0.70, 1.40);
INSERT INTO ticket_linea (id, id_ticket, id_producto, cantidad, precio_unitario, subtotal) VALUES (127, 16, 3, 3.0, 1.15, 3.45);
INSERT INTO pago (id, id_ticket, metodo_pago, monto, autorizacion) VALUES (16, 16, 'TARJETA', 28.13, '819358');

INSERT INTO ticket (id, numero_ticket, fecha_hora, total, id_sucursal, id_empleado) VALUES (17, '20010017', '2025-09-27 18:14:00', 28.71, 1, 3);
INSERT INTO ticket_linea (id, id_ticket, id_producto, cantidad, precio_unitario, subtotal) VALUES (128, 17, 3, 2.0, 1.15, 2.30);
INSERT INTO ticket_linea (id, id_ticket, id_producto, cantidad, precio_unitario, subtotal) VALUES (129, 17, 15, 0.5, 1.76, 0.88);
INSERT INTO ticket_linea (id, id_ticket, id_producto, cantidad, precio_unitario, subtotal) VALUES (130, 17, 8, 2.5, 1.10, 2.75);
INSERT INTO ticket_linea (id, id_ticket, id_producto, cantidad, precio_unitario, subtotal) VALUES (131, 17, 10, 1.0, 2.40, 2.40);
INSERT INTO ticket_linea (id, id_ticket, id_producto, cantidad, precio_unitario, subtotal) VALUES (132, 17, 9, 1.0, 3.10, 3.10);
INSERT INTO ticket_linea (id, id_ticket, id_producto, cantidad, precio_unitario, subtotal) VALUES (133, 17, 13, 1.0, 0.90, 0.90);
INSERT INTO ticket_linea (id, id_ticket, id_producto, cantidad, precio_unitario, subtotal) VALUES (134, 17, 2, 3.0, 3.80, 11.40);
INSERT INTO pago (id, id_ticket, metodo_pago, monto, autorizacion) VALUES (17, 17, 'TARJETA', 28.71, '199052');

INSERT INTO ticket (id, numero_ticket, fecha_hora, total, id_sucursal, id_empleado) VALUES (18, '20010018', '2025-09-28 14:51:00', 57.60, 1, 4);
INSERT INTO ticket_linea (id, id_ticket, id_producto, cantidad, precio_unitario, subtotal) VALUES (135, 18, 3, 2.0, 1.15, 2.30);
INSERT INTO ticket_linea (id, id_ticket, id_producto, cantidad, precio_unitario, subtotal) VALUES (136, 18, 4, 3.0, 6.50, 19.50);
INSERT INTO ticket_linea (id, id_ticket, id_producto, cantidad, precio_unitario, subtotal) VALUES (137, 18, 19, 2.0, 0.45, 0.90);
INSERT INTO ticket_linea (id, id_ticket, id_producto, cantidad, precio_unitario, subtotal) VALUES (138, 18, 14, 3.0, 0.80, 2.40);
INSERT INTO ticket_linea (id, id_ticket, id_producto, cantidad, precio_unitario, subtotal) VALUES (139, 18, 2, 1.0, 3.80, 3.80);
INSERT INTO ticket_linea (id, id_ticket, id_producto, cantidad, precio_unitario, subtotal) VALUES (140, 18, 7, 2.5, 6.20, 15.50);
INSERT INTO ticket_linea (id, id_ticket, id_producto, cantidad, precio_unitario, subtotal) VALUES (141, 18, 18, 2.0, 1.60, 3.20);
INSERT INTO pago (id, id_ticket, metodo_pago, monto, autorizacion) VALUES (18, 18, 'TARJETA', 57.60, '643300');

INSERT INTO ticket (id, numero_ticket, fecha_hora, total, id_sucursal, id_empleado) VALUES (19, '20010019', '2025-09-29 10:47:00', 44.19, 1, 5);
INSERT INTO ticket_linea (id, id_ticket, id_producto, cantidad, precio_unitario, subtotal) VALUES (142, 19, 2, 2.0, 3.80, 7.60);
INSERT INTO ticket_linea (id, id_ticket, id_producto, cantidad, precio_unitario, subtotal) VALUES (143, 19, 19, 2.0, 0.45, 0.90);
INSERT INTO ticket_linea (id, id_ticket, id_producto, cantidad, precio_unitario, subtotal) VALUES (144, 19, 16, 2.0, 1.10, 2.20);
INSERT INTO ticket_linea (id, id_ticket, id_producto, cantidad, precio_unitario, subtotal) VALUES (145, 19, 14, 3.0, 0.80, 2.40);
INSERT INTO ticket_linea (id, id_ticket, id_producto, cantidad, precio_unitario, subtotal) VALUES (146, 19, 6, 0.5, 1.24, 0.62);
INSERT INTO ticket_linea (id, id_ticket, id_producto, cantidad, precio_unitario, subtotal) VALUES (147, 19, 3, 1.0, 1.15, 1.15);
INSERT INTO ticket_linea (id, id_ticket, id_producto, cantidad, precio_unitario, subtotal) VALUES (148, 19, 8, 1.0, 1.10, 1.10);
INSERT INTO ticket_linea (id, id_ticket, id_producto, cantidad, precio_unitario, subtotal) VALUES (149, 19, 12, 3.0, 0.95, 2.85);
INSERT INTO ticket_linea (id, id_ticket, id_producto, cantidad, precio_unitario, subtotal) VALUES (150, 19, 9, 3.0, 3.10, 9.30);
INSERT INTO ticket_linea (id, id_ticket, id_producto, cantidad, precio_unitario, subtotal) VALUES (151, 19, 11, 2.0, 4.20, 8.40);
INSERT INTO pago (id, id_ticket, metodo_pago, monto, autorizacion) VALUES (19, 19, 'EFECTIVO', 44.19, NULL);

INSERT INTO ticket (id, numero_ticket, fecha_hora, total, id_sucursal, id_empleado) VALUES (20, '20010020', '2025-09-30 12:55:00', 45.98, 1, 6);
INSERT INTO ticket_linea (id, id_ticket, id_producto, cantidad, precio_unitario, subtotal) VALUES (152, 20, 7, 2.5, 6.20, 15.50);
INSERT INTO ticket_linea (id, id_ticket, id_producto, cantidad, precio_unitario, subtotal) VALUES (153, 20, 4, 1.0, 6.50, 6.50);
INSERT INTO ticket_linea (id, id_ticket, id_producto, cantidad, precio_unitario, subtotal) VALUES (154, 20, 17, 3.0, 0.70, 2.10);
INSERT INTO ticket_linea (id, id_ticket, id_producto, cantidad, precio_unitario, subtotal) VALUES (155, 20, 14, 2.0, 0.80, 1.60);
INSERT INTO ticket_linea (id, id_ticket, id_producto, cantidad, precio_unitario, subtotal) VALUES (156, 20, 13, 1.0, 0.90, 0.90);
INSERT INTO ticket_linea (id, id_ticket, id_producto, cantidad, precio_unitario, subtotal) VALUES (157, 20, 2, 3.0, 3.80, 11.40);
INSERT INTO pago (id, id_ticket, metodo_pago, monto, autorizacion) VALUES (20, 20, 'EFECTIVO', 45.98, NULL);
